year,country,numeric_recorded,source_display,status,source_url,checked_at
2025,Afghanistan,6,6,recorded,https://www.amnesty.org/en/wp-content/uploads/2026/05/ACT5007782026ENGLISH.pdf,2026-10-04
2025,China,,+,unknown_count_confirmed_executions,https://www.amnesty.org/en/wp-content/uploads/2026/05/ACT5007782026ENGLISH.pdf,2026-10-04
2025,Egypt,23,23,recorded,https://www.amnesty.org/en/wp-content/uploads/2026/05/ACT5007782026ENGLISH.pdf,2026-10-04
2025,Iran,2159,2159+,minimum,https://www.amnesty.org/en/wp-content/uploads/2026/05/ACT5007782026ENGLISH.pdf,2026-10-04
2025,Iraq,,+,unknown_count_confirmed_executions,https://www.amnesty.org/en/wp-content/uploads/2026/05/ACT5007782026ENGLISH.pdf,2026-10-04
2025,Japan,1,1,recorded,https://www.amnesty.org/en/wp-content/uploads/2026/05/ACT5007782026ENGLISH.pdf,2026-10-04
2025,Kuwait,17,17,recorded,https://www.amnesty.org/en/wp-content/uploads/2026/05/ACT5007782026ENGLISH.pdf,2026-10-04
2025,North Korea,,+,unknown_count_confirmed_executions,https://www.amnesty.org/en/wp-content/uploads/2026/05/ACT5007782026ENGLISH.pdf,2026-10-04
2025,Saudi Arabia,356,356+,minimum,https://www.amnesty.org/en/wp-content/uploads/2026/05/ACT5007782026ENGLISH.pdf,2026-10-04
2025,Singapore,17,17,recorded,https://www.amnesty.org/en/wp-content/uploads/2026/05/ACT5007782026ENGLISH.pdf,2026-10-04
2025,Somalia,17,17+,minimum,https://www.amnesty.org/en/wp-content/uploads/2026/05/ACT5007782026ENGLISH.pdf,2026-10-04
2025,South Sudan,1,1,recorded,https://www.amnesty.org/en/wp-content/uploads/2026/05/ACT5007782026ENGLISH.pdf,2026-10-04
2025,Taiwan,1,1,recorded,https://www.amnesty.org/en/wp-content/uploads/2026/05/ACT5007782026ENGLISH.pdf,2026-10-04
2025,United Arab Emirates,3,3,recorded,https://www.amnesty.org/en/wp-content/uploads/2026/05/ACT5007782026ENGLISH.pdf,2026-10-04
2025,United States,47,47,recorded,https://www.amnesty.org/en/wp-content/uploads/2026/05/ACT5007782026ENGLISH.pdf,2026-10-04
2025,Viet Nam,,+,unknown_count_confirmed_executions,https://www.amnesty.org/en/wp-content/uploads/2026/05/ACT5007782026ENGLISH.pdf,2026-10-04
2025,Yemen,51,51+,minimum,https://www.amnesty.org/en/wp-content/uploads/2026/05/ACT5007782026ENGLISH.pdf,2026-10-04
