year,period_start,period_end,period_type,executions,source_id,source_url,source_locator,retrieved_at,source_raw_value,death_sentences_final,notes
1996,1996-01-01,1996-12-31,full_year,22,early,https://www.cprc.moj.gov.tw/1563/1595/1596/1597/5350/,PDF第10頁，表1,2026-10-04,22,,官方機關刊載學術表；尚待法務部原始年報及軍法口徑核對。
1997,1997-01-01,1997-12-31,full_year,38,early,https://www.cprc.moj.gov.tw/1563/1595/1596/1597/5350/,PDF第10頁，表1,2026-10-04,38,,官方機關刊載學術表；尚待法務部原始年報及軍法口徑核對。
1998,1998-01-01,1998-12-31,full_year,32,early,https://www.cprc.moj.gov.tw/1563/1595/1596/1597/5350/,PDF第10頁，表1,2026-10-04,32,,官方機關刊載學術表；尚待法務部原始年報及軍法口徑核對。
1999,1999-01-01,1999-12-31,full_year,24,official_2018,https://www.humanrights.moj.gov.tw/media/13718/690190613162268068.pdf?mediaDL=true,附件2，第1頁；截至2018-12-31,2026-10-04,24,25,
2000,2000-01-01,2000-12-31,full_year,17,official_2018,https://www.humanrights.moj.gov.tw/media/13718/690190613162268068.pdf?mediaDL=true,附件2，第1頁；截至2018-12-31,2026-10-04,17,20,總統交接年，17人尚未逐筆完成交接日前後核驗，不分配任期。
2001,2001-01-01,2001-12-31,full_year,10,official_2018,https://www.humanrights.moj.gov.tw/media/13718/690190613162268068.pdf?mediaDL=true,附件2，第1頁；截至2018-12-31,2026-10-04,10,11,
2002,2002-01-01,2002-12-31,full_year,9,official_2018,https://www.humanrights.moj.gov.tw/media/13718/690190613162268068.pdf?mediaDL=true,附件2，第1頁；截至2018-12-31,2026-10-04,9,7,
2003,2003-01-01,2003-12-31,full_year,7,official_2018,https://www.humanrights.moj.gov.tw/media/13718/690190613162268068.pdf?mediaDL=true,附件2，第1頁；截至2018-12-31,2026-10-04,7,6,
2004,2004-01-01,2004-12-31,full_year,3,official_2018,https://www.humanrights.moj.gov.tw/media/13718/690190613162268068.pdf?mediaDL=true,附件2，第1頁；截至2018-12-31,2026-10-04,3,5,
2005,2005-01-01,2005-12-31,full_year,3,official_2018,https://www.humanrights.moj.gov.tw/media/13718/690190613162268068.pdf?mediaDL=true,附件2，第1頁；截至2018-12-31,2026-10-04,3,9,
2006,2006-01-01,2006-12-31,full_year,0,official_2018,https://www.humanrights.moj.gov.tw/media/13718/690190613162268068.pdf?mediaDL=true,附件2，第1頁；截至2018-12-31,2026-10-04,0,10,
2007,2007-01-01,2007-12-31,full_year,0,official_2018,https://www.humanrights.moj.gov.tw/media/13718/690190613162268068.pdf?mediaDL=true,附件2，第1頁；截至2018-12-31,2026-10-04,0,5,
2008,2008-01-01,2008-12-31,full_year,0,official_2018,https://www.humanrights.moj.gov.tw/media/13718/690190613162268068.pdf?mediaDL=true,附件2，第1頁；截至2018-12-31,2026-10-04,0,3,
2009,2009-01-01,2009-12-31,full_year,0,official_2018,https://www.humanrights.moj.gov.tw/media/13718/690190613162268068.pdf?mediaDL=true,附件2，第1頁；截至2018-12-31,2026-10-04,0,13,
2010,2010-01-01,2010-12-31,full_year,4,official_2018,https://www.humanrights.moj.gov.tw/media/13718/690190613162268068.pdf?mediaDL=true,附件2，第1頁；截至2018-12-31,2026-10-04,4,4,
2011,2011-01-01,2011-12-31,full_year,5,official_2018,https://www.humanrights.moj.gov.tw/media/13718/690190613162268068.pdf?mediaDL=true,附件2，第1頁；截至2018-12-31,2026-10-04,5,16,
2012,2012-01-01,2012-12-31,full_year,6,official_2018,https://www.humanrights.moj.gov.tw/media/13718/690190613162268068.pdf?mediaDL=true,附件2，第1頁；截至2018-12-31,2026-10-04,6,7,
2013,2013-01-01,2013-12-31,full_year,6,official_2018,https://www.humanrights.moj.gov.tw/media/13718/690190613162268068.pdf?mediaDL=true,附件2，第1頁；截至2018-12-31,2026-10-04,6,3,
2014,2014-01-01,2014-12-31,full_year,5,official_2018,https://www.humanrights.moj.gov.tw/media/13718/690190613162268068.pdf?mediaDL=true,附件2，第1頁；截至2018-12-31,2026-10-04,5,1,
2015,2015-01-01,2015-12-31,full_year,6,official_2018,https://www.humanrights.moj.gov.tw/media/13718/690190613162268068.pdf?mediaDL=true,附件2，第1頁；截至2018-12-31,2026-10-04,6,0,
2016,2016-01-01,2016-12-31,full_year,1,official_2018,https://www.humanrights.moj.gov.tw/media/13718/690190613162268068.pdf?mediaDL=true,附件2，第1頁；截至2018-12-31,2026-10-04,1,2,1人於2016-05-10執行，屬馬英九任期。
2017,2017-01-01,2017-12-31,full_year,0,official_2018,https://www.humanrights.moj.gov.tw/media/13718/690190613162268068.pdf?mediaDL=true,附件2，第1頁；截至2018-12-31,2026-10-04,0,1,
2018,2018-01-01,2018-12-31,full_year,1,official_2018,https://www.humanrights.moj.gov.tw/media/13718/690190613162268068.pdf?mediaDL=true,附件2，第1頁；截至2018-12-31,2026-10-04,1,0,
2019,2019-01-01,2019-12-31,full_year,0,latest,https://www.rjsd.moj.gov.tw/RJSDWeb/book/Book_File.ashx?book_id=745_4,表41，印刷頁86–87／PDF第94–95頁；2026-09-18發布,2026-10-04,－,,原表以破折號表示無數值或無統計；本研究按人數欄及相鄰年執行紀錄解讀為未執行，保留原值。
2020,2020-01-01,2020-12-31,full_year,1,latest,https://www.rjsd.moj.gov.tw/RJSDWeb/book/Book_File.ashx?book_id=745_4,表41，印刷頁86–87／PDF第94–95頁；2026-09-18發布,2026-10-04,1,,
2021,2021-01-01,2021-12-31,full_year,0,latest,https://www.rjsd.moj.gov.tw/RJSDWeb/book/Book_File.ashx?book_id=745_4,表41，印刷頁86–87／PDF第94–95頁；2026-09-18發布,2026-10-04,－,,原表以破折號表示無數值或無統計；本研究按人數欄及相鄰年執行紀錄解讀為未執行，保留原值。
2022,2022-01-01,2022-12-31,full_year,0,latest,https://www.rjsd.moj.gov.tw/RJSDWeb/book/Book_File.ashx?book_id=745_4,表41，印刷頁86–87／PDF第94–95頁；2026-09-18發布,2026-10-04,－,,原表以破折號表示無數值或無統計；本研究按人數欄及相鄰年執行紀錄解讀為未執行，保留原值。
2023,2023-01-01,2023-12-31,full_year,0,latest,https://www.rjsd.moj.gov.tw/RJSDWeb/book/Book_File.ashx?book_id=745_4,表41，印刷頁86–87／PDF第94–95頁；2026-09-18發布,2026-10-04,－,,原表以破折號表示無數值或無統計；本研究按人數欄及相鄰年執行紀錄解讀為未執行，保留原值。
2024,2024-01-01,2024-12-31,full_year,0,latest,https://www.rjsd.moj.gov.tw/RJSDWeb/book/Book_File.ashx?book_id=745_4,表41，印刷頁86–87／PDF第94–95頁；2026-09-18發布,2026-10-04,－,,原表以破折號表示無數值或無統計；本研究按人數欄及相鄰年執行紀錄解讀為未執行，保留原值。
2025,2025-01-01,2025-12-31,full_year,1,latest,https://www.rjsd.moj.gov.tw/RJSDWeb/book/Book_File.ashx?book_id=745_4,表41，印刷頁86–87／PDF第94–95頁；2026-09-18發布,2026-10-04,1,,
2026,2026-01-01,2026-08-31,year_to_date,0,latest,https://www.rjsd.moj.gov.tw/RJSDWeb/book/Book_File.ashx?book_id=745_4,表41，印刷頁86–87／PDF第94–95頁；2026-09-18發布,2026-10-04,－,,僅截至8月底；9月至擷取日未驗證。原表破折號解讀為無執行，保留原值。
