date,executions,president,source_url,source_note,retrieved_at,batch_definition
2010-04-30,4,馬英九,https://www.moj.gov.tw/media/2168/16201055633.pdf?mediaDL=true,法務部99年年鑑，提及4月30日張俊宏等4人,2026-10-04,同一執行日期合併一批；不是刑場數或核准令數
2011-03-04,5,馬英九,https://www.moj.gov.tw/2204/2795/2796/55444/,法務部當日執行完畢新聞稿,2026-10-04,同一執行日期合併一批；不是刑場數或核准令數
2012-12-21,6,馬英九,https://www.moj.gov.tw/2204/2795/2796/56170/post,法務部當日執行完畢新聞稿,2026-10-04,同一執行日期合併一批；不是刑場數或核准令數
2013-04-19,6,馬英九,https://www.moj.gov.tw/2204/2795/2796/56457/post,法務部當日執行完畢新聞稿,2026-10-04,同一執行日期合併一批；不是刑場數或核准令數
2014-04-29,5,馬英九,https://www.moj.gov.tw/media/1692/410281734945.pdf?mediaDL=true,法務部當日執行完畢新聞稿,2026-10-04,同一執行日期合併一批；不是刑場數或核准令數
2015-06-05,6,馬英九,https://www.moj.gov.tw/media/1696/56617324181.pdf?mediaDL=true,法務部當日新聞稿,2026-10-04,同一執行日期合併一批；不是刑場數或核准令數
2016-05-10,1,馬英九,https://www.tph.moj.gov.tw/4421/4543/4549/29385/post,高檢署2016年大事記；2016-05-10晚間20:47執行,2026-10-04,同一執行日期合併一批；不是刑場數或核准令數
2018-08-31,1,蔡英文,https://www.moj.gov.tw/media/14658/66518083117185ad1f.pdf?mediaDL=true,法務部當日執行完畢新聞稿；8月30日批准，31日執行,2026-10-04,同一執行日期合併一批；不是刑場數或核准令數
2020-04-01,1,蔡英文,https://www.moj.gov.tw/2204/2795/2796/37952/post,法務部當日執行完畢新聞稿,2026-10-04,同一執行日期合併一批；不是刑場數或核准令數
2025-01-16,1,賴清德,https://www.moj.gov.tw/2204/2795/2796/231525/post,法務部當日執行完畢新聞稿,2026-10-04,同一執行日期合併一批；不是刑場數或核准令數
